{
  "project_info": {
    "project_number": "265799264839",
    "firebase_url": "https://meetup-cf4d9.firebaseio.com",
    "project_id": "meetup-cf4d9",
    "storage_bucket": "meetup-cf4d9.appspot.com"
  },
  "client": [
    {
      "client_info": {
        "mobilesdk_app_id": "1:265799264839:android:659b7c4cd37ae54b",
        "android_client_info": {
          "package_name": "com.example.basehacks.meetup"
        }
      },
      "oauth_client": [
        {
          "client_id": "265799264839-gsb57pgmjdsm2kq0ht2shbnev3cuapds.apps.googleusercontent.com",
          "client_type": 1,
          "android_info": {
            "package_name": "com.example.basehacks.meetup",
            "certificate_hash": "fce8a1d6271578b4fa8db3bd3704fd11faf586e9"
          }
        },
        {
          "client_id": "265799264839-eb0dvdf4mc3qlb4ck4vuvd49vps0tak6.apps.googleusercontent.com",
          "client_type": 3
        }
      ],
      "api_key": [
        {
          "current_key": "AIzaSyC6JP6X6qR_voFBxyW4qt_oqHJl03T4wHk"
        }
      ],
      "services": {
        "analytics_service": {
          "status": 1
        },
        "appinvite_service": {
          "status": 2,
          "other_platform_oauth_client": [
            {
              "client_id": "265799264839-eb0dvdf4mc3qlb4ck4vuvd49vps0tak6.apps.googleusercontent.com",
              "client_type": 3
            }
          ]
        },
        "ads_service": {
          "status": 2
        }
      }
    }
  ],
  "configuration_version": "1"
}